A0-alone	excl	1	docker/run.sh python3 scripts/bench_vllm.py --model Qwen/Qwen3.8-27B --tp 2 --exp a0_alone --tag ar --per-cat 20 --max-tokens 1024 --temperature 0.0
Dtest	1	0.5	docker/run.sh bash scripts/concurrency_bench.sh Qwen/Qwen3-1.7B dtest_ngram '{"method":"ngram","num_speculative_tokens":4,"prompt_lookup_max":4}' 4,16
E1test	1	0.5	docker/run.sh python3 scripts/trace_vllm.py --model Qwen/Qwen3-1.7B --exp etest --tag e1_ngram --data /workspace/data/reasoning.jsonl --n 2 --thinking --max-tokens 1024 --spec '{"method":"ngram","num_speculative_tokens":4,"prompt_lookup_max":4}'
E2test	1	0.5	docker/run.sh python3 scripts/trace_vllm.py --model Qwen/Qwen3-1.7B --exp etest --tag e2_ar --longbench --ctx-len 8192 --n 2 --max-tokens 128
A0-shared	1	1	docker/run.sh python3 scripts/bench_vllm.py --model Qwen/Qwen3.8-27B --tp 2 --exp a0_shared --tag ar --per-cat 20 --max-tokens 1024 --temperature 0.0
A-q27-ar	1	4	docker/run.sh python3 scripts/bench_vllm.py --model Qwen/Qwen3.8-27B --tp 2 --exp a --tag ar --per-cat 80 --max-tokens 1024 --temperature 0.0 --save-gaps
A-g31-ar	1	4	docker/run.sh python3 scripts/bench_vllm.py --model google/gemma-4-31B-it --tp 2 --exp a --tag ar --per-cat 80 --max-tokens 1024 --temperature 0.0 --save-gaps
A-q35-ar	1	2	docker/run.sh python3 scripts/bench_vllm.py --model Qwen/Qwen3.6-35B-A3B --tp 2 --exp a --tag ar --per-cat 80 --max-tokens 1024 --temperature 0.0 --save-gaps
A-g26-ar	1	2	docker/run.sh python3 scripts/bench_vllm.py --model google/gemma-4-26B-A4B-it --tp 2 --exp a --tag ar --per-cat 80 --max-tokens 1024 --temperature 0.0 --save-gaps
A-q27-arrepeat	1	4	docker/run.sh python3 scripts/bench_vllm.py --model Qwen/Qwen3.8-27B --tp 2 --exp a --tag arrepeat --per-cat 80 --max-tokens 1024 --temperature 0.0 --save-gaps
A-g31-arrepeat	1	4	docker/run.sh python3 scripts/bench_vllm.py --model google/gemma-4-31B-it --tp 2 --exp a --tag arrepeat --per-cat 80 --max-tokens 1024 --temperature 0.0 --save-gaps
E2test2	1	0.5	docker/run.sh python3 scripts/trace_vllm.py --model Qwen/Qwen3-1.7B --exp etest --tag e2_multi --longbench --ctx-len 4096,8192 --n 1 --max-tokens 64
A-q35-arrepeat	1	2	docker/run.sh python3 scripts/bench_vllm.py --model Qwen/Qwen3.6-35B-A3B --tp 2 --exp a --tag arrepeat --per-cat 80 --max-tokens 1024 --temperature 0.0 --save-gaps
A-g26-arrepeat	1	2	docker/run.sh python3 scripts/bench_vllm.py --model google/gemma-4-26B-A4B-it --tp 2 --exp a --tag arrepeat --per-cat 80 --max-tokens 1024 --temperature 0.0 --save-gaps
A-q27-mtp3	1	4	docker/run.sh python3 scripts/bench_vllm.py --model Qwen/Qwen3.8-27B --tp 2 --exp a --tag mtp3 --per-cat 80 --max-tokens 1024 --temperature 0.0 --spec '{"method": "qwen3_5_mtp", "num_speculative_tokens": 3}'
A-g31-mtp4	1	4	docker/run.sh python3 scripts/bench_vllm.py --model google/gemma-4-31B-it --tp 2 --exp a --tag mtp4 --per-cat 80 --max-tokens 1024 --temperature 0.0 --spec '{"method": "gemma4_mtp", "model": "google/gemma-4-31B-it-assistant", "num_speculative_tokens": 4}'
A-q35-mtp3	1	2	docker/run.sh python3 scripts/bench_vllm.py --model Qwen/Qwen3.6-35B-A3B --tp 2 --exp a --tag mtp3 --per-cat 80 --max-tokens 1024 --temperature 0.0 --spec '{"method": "qwen3_5_mtp", "num_speculative_tokens": 3}'
A-g26-mtp4	1	2	docker/run.sh python3 scripts/bench_vllm.py --model google/gemma-4-26B-A4B-it --tp 2 --exp a --tag mtp4 --per-cat 80 --max-tokens 1024 --temperature 0.0 --spec '{"method": "gemma4_mtp", "model": "google/gemma-4-26B-A4B-it-assistant", "num_speculative_tokens": 4}'
A-q27-dflash7	1	4	docker/run.sh python3 scripts/bench_vllm.py --model Qwen/Qwen3.8-27B --tp 2 --exp a --tag dflash7 --per-cat 80 --max-tokens 1024 --temperature 0.0 --spec '{"method": "dflash", "model": "z-lab/Qwen3.8-27B-DFlash2", "num_speculative_tokens": 7}'
A-g31-dflash7	1	4	docker/run.sh python3 scripts/bench_vllm.py --model google/gemma-4-31B-it --tp 2 --exp a --tag dflash7 --per-cat 80 --max-tokens 1024 --temperature 0.0 --spec '{"method": "dflash", "model": "z-lab/gemma-4-31B-it-DFlash", "num_speculative_tokens": 7}'
A-q35-dflash7	1	2	docker/run.sh python3 scripts/bench_vllm.py --model Qwen/Qwen3.6-35B-A3B --tp 2 --exp a --tag dflash7 --per-cat 80 --max-tokens 1024 --temperature 0.0 --spec '{"method": "dflash", "model": "z-lab/Qwen3.6-35B-A3B-DFlash", "num_speculative_tokens": 7}'
A-g26-dflash7	1	2	docker/run.sh python3 scripts/bench_vllm.py --model google/gemma-4-26B-A4B-it --tp 2 --exp a --tag dflash7 --per-cat 80 --max-tokens 1024 --temperature 0.0 --spec '{"method": "dflash", "model": "z-lab/gemma-4-26B-A4B-it-DFlash", "num_speculative_tokens": 7}'
A-q27-suffix	1	4	docker/run.sh python3 scripts/bench_vllm.py --model Qwen/Qwen3.8-27B --tp 2 --exp a --tag suffix --per-cat 80 --max-tokens 1024 --temperature 0.0 --spec '{"method": "suffix"}'
A-g31-dflash15	1	4	docker/run.sh python3 scripts/bench_vllm.py --model google/gemma-4-31B-it --tp 2 --exp a --tag dflash15 --per-cat 80 --max-tokens 1024 --temperature 0.0 --spec '{"method": "dflash", "model": "z-lab/gemma-4-31B-it-DFlash", "num_speculative_tokens": 15}'
A-q35-dflash15	1	2	docker/run.sh python3 scripts/bench_vllm.py --model Qwen/Qwen3.6-35B-A3B --tp 2 --exp a --tag dflash15 --per-cat 80 --max-tokens 1024 --temperature 0.0 --spec '{"method": "dflash", "model": "z-lab/Qwen3.6-35B-A3B-DFlash", "num_speculative_tokens": 15}'
A-g26-dflash15	1	2	docker/run.sh python3 scripts/bench_vllm.py --model google/gemma-4-26B-A4B-it --tp 2 --exp a --tag dflash15 --per-cat 80 --max-tokens 1024 --temperature 0.0 --spec '{"method": "dflash", "model": "z-lab/gemma-4-26B-A4B-it-DFlash", "num_speculative_tokens": 15}'
A-g31-suffix	1	4	docker/run.sh python3 scripts/bench_vllm.py --model google/gemma-4-31B-it --tp 2 --exp a --tag suffix --per-cat 80 --max-tokens 1024 --temperature 0.0 --spec '{"method": "suffix"}'
A-q35-suffix	1	2	docker/run.sh python3 scripts/bench_vllm.py --model Qwen/Qwen3.6-35B-A3B --tp 2 --exp a --tag suffix --per-cat 80 --max-tokens 1024 --temperature 0.0 --spec '{"method": "suffix"}'
A-g26-suffix	1	2	docker/run.sh python3 scripts/bench_vllm.py --model google/gemma-4-26B-A4B-it --tp 2 --exp a --tag suffix --per-cat 80 --max-tokens 1024 --temperature 0.0 --spec '{"method": "suffix"}'
A-g31-ngram4	1	4	docker/run.sh python3 scripts/bench_vllm.py --model google/gemma-4-31B-it --tp 2 --exp a --tag ngram4 --per-cat 80 --max-tokens 1024 --temperature 0.0 --spec '{"method": "ngram", "num_speculative_tokens": 4, "prompt_lookup_max": 4}'
A-g26-ngram4	1	2	docker/run.sh python3 scripts/bench_vllm.py --model google/gemma-4-26B-A4B-it --tp 2 --exp a --tag ngram4 --per-cat 80 --max-tokens 1024 --temperature 0.0 --spec '{"method": "ngram", "num_speculative_tokens": 4, "prompt_lookup_max": 4}'
C-q35-ar	1	2	docker/run.sh python3 scripts/bench_vllm.py --model Qwen/Qwen3.6-35B-A3B --tp 2 --exp c --tag ar --per-cat 20 --max-tokens 1024 --temperature 0.0
C-q35-mtp1	1	2	docker/run.sh python3 scripts/bench_vllm.py --model Qwen/Qwen3.6-35B-A3B --tp 2 --exp c --tag mtp1 --per-cat 20 --max-tokens 1024 --temperature 0.0 --spec '{"method": "qwen3_5_mtp", "num_speculative_tokens": 1}'
C-q35-mtp2	1	2	docker/run.sh python3 scripts/bench_vllm.py --model Qwen/Qwen3.6-35B-A3B --tp 2 --exp c --tag mtp2 --per-cat 20 --max-tokens 1024 --temperature 0.0 --spec '{"method": "qwen3_5_mtp", "num_speculative_tokens": 2}'
C-q35-mtp3	1	2	docker/run.sh python3 scripts/bench_vllm.py --model Qwen/Qwen3.6-35B-A3B --tp 2 --exp c --tag mtp3 --per-cat 20 --max-tokens 1024 --temperature 0.0 --spec '{"method": "qwen3_5_mtp", "num_speculative_tokens": 3}'
C-q35-mtp4	1	2	docker/run.sh python3 scripts/bench_vllm.py --model Qwen/Qwen3.6-35B-A3B --tp 2 --exp c --tag mtp4 --per-cat 20 --max-tokens 1024 --temperature 0.0 --spec '{"method": "qwen3_5_mtp", "num_speculative_tokens": 4}'
C-q35-mtp6	1	2	docker/run.sh python3 scripts/bench_vllm.py --model Qwen/Qwen3.6-35B-A3B --tp 2 --exp c --tag mtp6 --per-cat 20 --max-tokens 1024 --temperature 0.0 --spec '{"method": "qwen3_5_mtp", "num_speculative_tokens": 6}'
C-q35-dflash3	1	2	docker/run.sh python3 scripts/bench_vllm.py --model Qwen/Qwen3.6-35B-A3B --tp 2 --exp c --tag dflash3 --per-cat 20 --max-tokens 1024 --temperature 0.0 --spec '{"method": "dflash", "model": "z-lab/Qwen3.6-35B-A3B-DFlash", "num_speculative_tokens": 3}'
C-q35-dflash7	1	2	docker/run.sh python3 scripts/bench_vllm.py --model Qwen/Qwen3.6-35B-A3B --tp 2 --exp c --tag dflash7 --per-cat 20 --max-tokens 1024 --temperature 0.0 --spec '{"method": "dflash", "model": "z-lab/Qwen3.6-35B-A3B-DFlash", "num_speculative_tokens": 7}'
C-q35-dflash11	1	2	docker/run.sh python3 scripts/bench_vllm.py --model Qwen/Qwen3.6-35B-A3B --tp 2 --exp c --tag dflash11 --per-cat 20 --max-tokens 1024 --temperature 0.0 --spec '{"method": "dflash", "model": "z-lab/Qwen3.6-35B-A3B-DFlash", "num_speculative_tokens": 11}'
C-q35-dflash15	1	2	docker/run.sh python3 scripts/bench_vllm.py --model Qwen/Qwen3.6-35B-A3B --tp 2 --exp c --tag dflash15 --per-cat 20 --max-tokens 1024 --temperature 0.0 --spec '{"method": "dflash", "model": "z-lab/Qwen3.6-35B-A3B-DFlash", "num_speculative_tokens": 15}'
C-g26-ar	1	2	docker/run.sh python3 scripts/bench_vllm.py --model google/gemma-4-26B-A4B-it --tp 2 --exp c --tag ar --per-cat 20 --max-tokens 1024 --temperature 0.0
C-g26-mtp1	1	2	docker/run.sh python3 scripts/bench_vllm.py --model google/gemma-4-26B-A4B-it --tp 2 --exp c --tag mtp1 --per-cat 20 --max-tokens 1024 --temperature 0.0 --spec '{"method": "gemma4_mtp", "model": "google/gemma-4-26B-A4B-it-assistant", "num_speculative_tokens": 1}'
C-g26-mtp2	1	2	docker/run.sh python3 scripts/bench_vllm.py --model google/gemma-4-26B-A4B-it --tp 2 --exp c --tag mtp2 --per-cat 20 --max-tokens 1024 --temperature 0.0 --spec '{"method": "gemma4_mtp", "model": "google/gemma-4-26B-A4B-it-assistant", "num_speculative_tokens": 2}'
C-g26-mtp3	1	2	docker/run.sh python3 scripts/bench_vllm.py --model google/gemma-4-26B-A4B-it --tp 2 --exp c --tag mtp3 --per-cat 20 --max-tokens 1024 --temperature 0.0 --spec '{"method": "gemma4_mtp", "model": "google/gemma-4-26B-A4B-it-assistant", "num_speculative_tokens": 3}'
C-g26-mtp4	1	2	docker/run.sh python3 scripts/bench_vllm.py --model google/gemma-4-26B-A4B-it --tp 2 --exp c --tag mtp4 --per-cat 20 --max-tokens 1024 --temperature 0.0 --spec '{"method": "gemma4_mtp", "model": "google/gemma-4-26B-A4B-it-assistant", "num_speculative_tokens": 4}'
C-g26-mtp6	1	2	docker/run.sh python3 scripts/bench_vllm.py --model google/gemma-4-26B-A4B-it --tp 2 --exp c --tag mtp6 --per-cat 20 --max-tokens 1024 --temperature 0.0 --spec '{"method": "gemma4_mtp", "model": "google/gemma-4-26B-A4B-it-assistant", "num_speculative_tokens": 6}'
C-g26-dflash3	1	2	docker/run.sh python3 scripts/bench_vllm.py --model google/gemma-4-26B-A4B-it --tp 2 --exp c --tag dflash3 --per-cat 20 --max-tokens 1024 --temperature 0.0 --spec '{"method": "dflash", "model": "z-lab/gemma-4-26B-A4B-it-DFlash", "num_speculative_tokens": 3}'
C-g26-dflash7	1	2	docker/run.sh python3 scripts/bench_vllm.py --model google/gemma-4-26B-A4B-it --tp 2 --exp c --tag dflash7 --per-cat 20 --max-tokens 1024 --temperature 0.0 --spec '{"method": "dflash", "model": "z-lab/gemma-4-26B-A4B-it-DFlash", "num_speculative_tokens": 7}'
C-g26-dflash11	1	2	docker/run.sh python3 scripts/bench_vllm.py --model google/gemma-4-26B-A4B-it --tp 2 --exp c --tag dflash11 --per-cat 20 --max-tokens 1024 --temperature 0.0 --spec '{"method": "dflash", "model": "z-lab/gemma-4-26B-A4B-it-DFlash", "num_speculative_tokens": 11}'
C-g26-dflash15	1	2	docker/run.sh python3 scripts/bench_vllm.py --model google/gemma-4-26B-A4B-it --tp 2 --exp c --tag dflash15 --per-cat 20 --max-tokens 1024 --temperature 0.0 --spec '{"method": "dflash", "model": "z-lab/gemma-4-26B-A4B-it-DFlash", "num_speculative_tokens": 15}'
B-q27-ar	1	3	docker/run.sh python3 scripts/bench_vllm.py --model Qwen/Qwen3.8-27B --tp 2 --exp b --tag ar --per-cat 40 --max-tokens 1024 --temperature 1.0
B-q27-mtp3	1	3	docker/run.sh python3 scripts/bench_vllm.py --model Qwen/Qwen3.8-27B --tp 2 --exp b --tag mtp3 --per-cat 40 --max-tokens 1024 --temperature 1.0 --spec '{"method": "qwen3_5_mtp", "num_speculative_tokens": 3}'
B-q27-dflash7	1	3	docker/run.sh python3 scripts/bench_vllm.py --model Qwen/Qwen3.8-27B --tp 2 --exp b --tag dflash7 --per-cat 40 --max-tokens 1024 --temperature 1.0 --spec '{"method": "dflash", "model": "z-lab/Qwen3.8-27B-DFlash2", "num_speculative_tokens": 7}'
B-g31-ar	1	3	docker/run.sh python3 scripts/bench_vllm.py --model google/gemma-4-31B-it --tp 2 --exp b --tag ar --per-cat 40 --max-tokens 1024 --temperature 1.0
B-g31-mtp4	1	3	docker/run.sh python3 scripts/bench_vllm.py --model google/gemma-4-31B-it --tp 2 --exp b --tag mtp4 --per-cat 40 --max-tokens 1024 --temperature 1.0 --spec '{"method": "gemma4_mtp", "model": "google/gemma-4-31B-it-assistant", "num_speculative_tokens": 4}'
B-g31-dflash7	1	3	docker/run.sh python3 scripts/bench_vllm.py --model google/gemma-4-31B-it --tp 2 --exp b --tag dflash7 --per-cat 40 --max-tokens 1024 --temperature 1.0 --spec '{"method": "dflash", "model": "z-lab/gemma-4-31B-it-DFlash", "num_speculative_tokens": 7}'
B-q35-ar	1	3	docker/run.sh python3 scripts/bench_vllm.py --model Qwen/Qwen3.6-35B-A3B --tp 2 --exp b --tag ar --per-cat 40 --max-tokens 1024 --temperature 1.0
B-q35-mtp3	1	3	docker/run.sh python3 scripts/bench_vllm.py --model Qwen/Qwen3.6-35B-A3B --tp 2 --exp b --tag mtp3 --per-cat 40 --max-tokens 1024 --temperature 1.0 --spec '{"method": "qwen3_5_mtp", "num_speculative_tokens": 3}'
B-q35-dflash7	1	3	docker/run.sh python3 scripts/bench_vllm.py --model Qwen/Qwen3.6-35B-A3B --tp 2 --exp b --tag dflash7 --per-cat 40 --max-tokens 1024 --temperature 1.0 --spec '{"method": "dflash", "model": "z-lab/Qwen3.6-35B-A3B-DFlash", "num_speculative_tokens": 7}'
B-g26-ar	1	3	docker/run.sh python3 scripts/bench_vllm.py --model google/gemma-4-26B-A4B-it --tp 2 --exp b --tag ar --per-cat 40 --max-tokens 1024 --temperature 1.0
B-g26-mtp4	1	3	docker/run.sh python3 scripts/bench_vllm.py --model google/gemma-4-26B-A4B-it --tp 2 --exp b --tag mtp4 --per-cat 40 --max-tokens 1024 --temperature 1.0 --spec '{"method": "gemma4_mtp", "model": "google/gemma-4-26B-A4B-it-assistant", "num_speculative_tokens": 4}'
B-g26-dflash7	1	3	docker/run.sh python3 scripts/bench_vllm.py --model google/gemma-4-26B-A4B-it --tp 2 --exp b --tag dflash7 --per-cat 40 --max-tokens 1024 --temperature 1.0 --spec '{"method": "dflash", "model": "z-lab/gemma-4-26B-A4B-it-DFlash", "num_speculative_tokens": 7}'
C-q27-ar	1	2	docker/run.sh python3 scripts/bench_vllm.py --model Qwen/Qwen3.8-27B --tp 2 --exp c --tag ar --per-cat 20 --max-tokens 1024 --temperature 0.0
C-q27-mtp1	1	2	docker/run.sh python3 scripts/bench_vllm.py --model Qwen/Qwen3.8-27B --tp 2 --exp c --tag mtp1 --per-cat 20 --max-tokens 1024 --temperature 0.0 --spec '{"method": "qwen3_5_mtp", "num_speculative_tokens": 1}'
C-q27-mtp2	1	2	docker/run.sh python3 scripts/bench_vllm.py --model Qwen/Qwen3.8-27B --tp 2 --exp c --tag mtp2 --per-cat 20 --max-tokens 1024 --temperature 0.0 --spec '{"method": "qwen3_5_mtp", "num_speculative_tokens": 2}'
C-q27-mtp3	1	2	docker/run.sh python3 scripts/bench_vllm.py --model Qwen/Qwen3.8-27B --tp 2 --exp c --tag mtp3 --per-cat 20 --max-tokens 1024 --temperature 0.0 --spec '{"method": "qwen3_5_mtp", "num_speculative_tokens": 3}'
G-q35	1	1	docker/run.sh python3 scripts/router_union.py --model Qwen/Qwen3.6-35B-A3B
G-g26	1	1	docker/run.sh python3 scripts/router_union.py --model google/gemma-4-26B-A4B-it
C-q27-mtp4	1	2	docker/run.sh python3 scripts/bench_vllm.py --model Qwen/Qwen3.8-27B --tp 2 --exp c --tag mtp4 --per-cat 20 --max-tokens 1024 --temperature 0.0 --spec '{"method": "qwen3_5_mtp", "num_speculative_tokens": 4}'
C-q27-mtp6	1	2	docker/run.sh python3 scripts/bench_vllm.py --model Qwen/Qwen3.8-27B --tp 2 --exp c --tag mtp6 --per-cat 20 --max-tokens 1024 --temperature 0.0 --spec '{"method": "qwen3_5_mtp", "num_speculative_tokens": 6}'
C-q27-dflash3	1	2	docker/run.sh python3 scripts/bench_vllm.py --model Qwen/Qwen3.8-27B --tp 2 --exp c --tag dflash3 --per-cat 20 --max-tokens 1024 --temperature 0.0 --spec '{"method": "dflash", "model": "z-lab/Qwen3.8-27B-DFlash2", "num_speculative_tokens": 3}'
C-q27-dflash5	1	2	docker/run.sh python3 scripts/bench_vllm.py --model Qwen/Qwen3.8-27B --tp 2 --exp c --tag dflash5 --per-cat 20 --max-tokens 1024 --temperature 0.0 --spec '{"method": "dflash", "model": "z-lab/Qwen3.8-27B-DFlash2", "num_speculative_tokens": 5}'
C-q27-dflash7	1	2	docker/run.sh python3 scripts/bench_vllm.py --model Qwen/Qwen3.8-27B --tp 2 --exp c --tag dflash7 --per-cat 20 --max-tokens 1024 --temperature 0.0 --spec '{"method": "dflash", "model": "z-lab/Qwen3.8-27B-DFlash2", "num_speculative_tokens": 7}'
C-g31-ar	1	2	docker/run.sh python3 scripts/bench_vllm.py --model google/gemma-4-31B-it --tp 2 --exp c --tag ar --per-cat 20 --max-tokens 1024 --temperature 0.0
C-g31-mtp1	1	2	docker/run.sh python3 scripts/bench_vllm.py --model google/gemma-4-31B-it --tp 2 --exp c --tag mtp1 --per-cat 20 --max-tokens 1024 --temperature 0.0 --spec '{"method": "gemma4_mtp", "model": "google/gemma-4-31B-it-assistant", "num_speculative_tokens": 1}'
C-g31-mtp2	1	2	docker/run.sh python3 scripts/bench_vllm.py --model google/gemma-4-31B-it --tp 2 --exp c --tag mtp2 --per-cat 20 --max-tokens 1024 --temperature 0.0 --spec '{"method": "gemma4_mtp", "model": "google/gemma-4-31B-it-assistant", "num_speculative_tokens": 2}'
C-g31-mtp3	1	2	docker/run.sh python3 scripts/bench_vllm.py --model google/gemma-4-31B-it --tp 2 --exp c --tag mtp3 --per-cat 20 --max-tokens 1024 --temperature 0.0 --spec '{"method": "gemma4_mtp", "model": "google/gemma-4-31B-it-assistant", "num_speculative_tokens": 3}'
C-g31-mtp4	1	2	docker/run.sh python3 scripts/bench_vllm.py --model google/gemma-4-31B-it --tp 2 --exp c --tag mtp4 --per-cat 20 --max-tokens 1024 --temperature 0.0 --spec '{"method": "gemma4_mtp", "model": "google/gemma-4-31B-it-assistant", "num_speculative_tokens": 4}'
C-g31-mtp6	1	2	docker/run.sh python3 scripts/bench_vllm.py --model google/gemma-4-31B-it --tp 2 --exp c --tag mtp6 --per-cat 20 --max-tokens 1024 --temperature 0.0 --spec '{"method": "gemma4_mtp", "model": "google/gemma-4-31B-it-assistant", "num_speculative_tokens": 6}'
C-g31-dflash3	1	2	docker/run.sh python3 scripts/bench_vllm.py --model google/gemma-4-31B-it --tp 2 --exp c --tag dflash3 --per-cat 20 --max-tokens 1024 --temperature 0.0 --spec '{"method": "dflash", "model": "z-lab/gemma-4-31B-it-DFlash", "num_speculative_tokens": 3}'
C-g31-dflash7	1	2	docker/run.sh python3 scripts/bench_vllm.py --model google/gemma-4-31B-it --tp 2 --exp c --tag dflash7 --per-cat 20 --max-tokens 1024 --temperature 0.0 --spec '{"method": "dflash", "model": "z-lab/gemma-4-31B-it-DFlash", "num_speculative_tokens": 7}'
C-g31-dflash11	1	2	docker/run.sh python3 scripts/bench_vllm.py --model google/gemma-4-31B-it --tp 2 --exp c --tag dflash11 --per-cat 20 --max-tokens 1024 --temperature 0.0 --spec '{"method": "dflash", "model": "z-lab/gemma-4-31B-it-DFlash", "num_speculative_tokens": 11}'
C-g31-dflash15	1	2	docker/run.sh python3 scripts/bench_vllm.py --model google/gemma-4-31B-it --tp 2 --exp c --tag dflash15 --per-cat 20 --max-tokens 1024 --temperature 0.0 --spec '{"method": "dflash", "model": "z-lab/gemma-4-31B-it-DFlash", "num_speculative_tokens": 15}'
D-q27-ar	1	3	docker/run.sh bash scripts/concurrency_bench.sh Qwen/Qwen3.8-27B ar '' 4,16,64,128
D-q27-mtp3	1	3	docker/run.sh bash scripts/concurrency_bench.sh Qwen/Qwen3.8-27B mtp3 '{"method": "qwen3_5_mtp", "num_speculative_tokens": 3}' 4,16,64,128
D-q27-dflash7	1	3	docker/run.sh bash scripts/concurrency_bench.sh Qwen/Qwen3.8-27B dflash7 '{"method": "dflash", "model": "z-lab/Qwen3.8-27B-DFlash2", "num_speculative_tokens": 7}' 4,16,64,128
D-g31-ar	1	3	docker/run.sh bash scripts/concurrency_bench.sh google/gemma-4-31B-it ar '' 4,16,64,128
D-g31-mtp4	1	3	docker/run.sh bash scripts/concurrency_bench.sh google/gemma-4-31B-it mtp4 '{"method": "gemma4_mtp", "model": "google/gemma-4-31B-it-assistant", "num_speculative_tokens": 4}' 4,16,64,128
D-g31-dflash7	1	3	docker/run.sh bash scripts/concurrency_bench.sh google/gemma-4-31B-it dflash7 '{"method": "dflash", "model": "z-lab/gemma-4-31B-it-DFlash", "num_speculative_tokens": 7}' 4,16,64,128
D-q35-ar	1	3	docker/run.sh bash scripts/concurrency_bench.sh Qwen/Qwen3.6-35B-A3B ar '' 4,16,64,128
D-q35-mtp3	1	3	docker/run.sh bash scripts/concurrency_bench.sh Qwen/Qwen3.6-35B-A3B mtp3 '{"method": "qwen3_5_mtp", "num_speculative_tokens": 3}' 4,16,64,128
D-q35-dflash7	1	3	docker/run.sh bash scripts/concurrency_bench.sh Qwen/Qwen3.6-35B-A3B dflash7 '{"method": "dflash", "model": "z-lab/Qwen3.6-35B-A3B-DFlash", "num_speculative_tokens": 7}' 4,16,64,128
D-g26-ar	1	3	docker/run.sh bash scripts/concurrency_bench.sh google/gemma-4-26B-A4B-it ar '' 4,16,64,128
D-g26-mtp4	1	3	docker/run.sh bash scripts/concurrency_bench.sh google/gemma-4-26B-A4B-it mtp4 '{"method": "gemma4_mtp", "model": "google/gemma-4-26B-A4B-it-assistant", "num_speculative_tokens": 4}' 4,16,64,128
D-g26-dflash7	1	3	docker/run.sh bash scripts/concurrency_bench.sh google/gemma-4-26B-A4B-it dflash7 '{"method": "dflash", "model": "z-lab/gemma-4-26B-A4B-it-DFlash", "num_speculative_tokens": 7}' 4,16,64,128
E2-q27-ar	1	3	docker/run.sh python3 scripts/trace_vllm.py --model Qwen/Qwen3.8-27B --exp e2 --tag ar --longbench --ctx-len 8192,32768,65536 --n 20 --max-tokens 256
E2-q27-mtp3	1	3	docker/run.sh python3 scripts/trace_vllm.py --model Qwen/Qwen3.8-27B --exp e2 --tag mtp3 --longbench --ctx-len 8192,32768,65536 --n 20 --max-tokens 256 --spec '{"method": "qwen3_5_mtp", "num_speculative_tokens": 3}'
E2-q27-dflash7	1	3	docker/run.sh python3 scripts/trace_vllm.py --model Qwen/Qwen3.8-27B --exp e2 --tag dflash7 --longbench --ctx-len 8192,32768,65536 --n 20 --max-tokens 256 --spec '{"method": "dflash", "model": "z-lab/Qwen3.8-27B-DFlash2", "num_speculative_tokens": 7}'
E2-q27-suffix	1	3	docker/run.sh python3 scripts/trace_vllm.py --model Qwen/Qwen3.8-27B --exp e2 --tag suffix --longbench --ctx-len 8192,32768,65536 --n 20 --max-tokens 256 --spec '{"method": "suffix"}'
E2-g31-ar	1	3	docker/run.sh python3 scripts/trace_vllm.py --model google/gemma-4-31B-it --exp e2 --tag ar --longbench --ctx-len 8192,32768,65536 --n 20 --max-tokens 256
E2-g31-mtp4	1	3	docker/run.sh python3 scripts/trace_vllm.py --model google/gemma-4-31B-it --exp e2 --tag mtp4 --longbench --ctx-len 8192,32768,65536 --n 20 --max-tokens 256 --spec '{"method": "gemma4_mtp", "model": "google/gemma-4-31B-it-assistant", "num_speculative_tokens": 4}'
E2-g31-dflash7	1	3	docker/run.sh python3 scripts/trace_vllm.py --model google/gemma-4-31B-it --exp e2 --tag dflash7 --longbench --ctx-len 8192,32768,65536 --n 20 --max-tokens 256 --spec '{"method": "dflash", "model": "z-lab/gemma-4-31B-it-DFlash", "num_speculative_tokens": 7}'
E2-g31-suffix	1	3	docker/run.sh python3 scripts/trace_vllm.py --model google/gemma-4-31B-it --exp e2 --tag suffix --longbench --ctx-len 8192,32768,65536 --n 20 --max-tokens 256 --spec '{"method": "suffix"}'
E1-q27-ar	1	6	docker/run.sh python3 scripts/trace_vllm.py --model Qwen/Qwen3.8-27B --exp e1 --tag ar --data /workspace/data/reasoning30.jsonl --thinking --max-tokens 12288 --temperature 0.6
E1-q27-mtp3	1	6	docker/run.sh python3 scripts/trace_vllm.py --model Qwen/Qwen3.8-27B --exp e1 --tag mtp3 --data /workspace/data/reasoning30.jsonl --thinking --max-tokens 12288 --temperature 0.6 --spec '{"method": "qwen3_5_mtp", "num_speculative_tokens": 3}'
E1-q27-dflash7	1	6	docker/run.sh python3 scripts/trace_vllm.py --model Qwen/Qwen3.8-27B --exp e1 --tag dflash7 --data /workspace/data/reasoning30.jsonl --thinking --max-tokens 12288 --temperature 0.6 --spec '{"method": "dflash", "model": "z-lab/Qwen3.8-27B-DFlash2", "num_speculative_tokens": 7}'
E1-g31-ar	1	6	docker/run.sh python3 scripts/trace_vllm.py --model google/gemma-4-31B-it --exp e1 --tag ar --data /workspace/data/reasoning30.jsonl --thinking --max-tokens 12288 --temperature 0.6
E1-g31-mtp4	1	6	docker/run.sh python3 scripts/trace_vllm.py --model google/gemma-4-31B-it --exp e1 --tag mtp4 --data /workspace/data/reasoning30.jsonl --thinking --max-tokens 12288 --temperature 0.6 --spec '{"method": "gemma4_mtp", "model": "google/gemma-4-31B-it-assistant", "num_speculative_tokens": 4}'
E1-g31-dflash7	1	6	docker/run.sh python3 scripts/trace_vllm.py --model google/gemma-4-31B-it --exp e1 --tag dflash7 --data /workspace/data/reasoning30.jsonl --thinking --max-tokens 12288 --temperature 0.6 --spec '{"method": "dflash", "model": "z-lab/gemma-4-31B-it-DFlash", "num_speculative_tokens": 7}'
E1-q35-ar	1	3	docker/run.sh python3 scripts/trace_vllm.py --model Qwen/Qwen3.6-35B-A3B --exp e1 --tag ar --data /workspace/data/reasoning30.jsonl --thinking --max-tokens 12288 --temperature 0.6
E1-q35-mtp3	1	3	docker/run.sh python3 scripts/trace_vllm.py --model Qwen/Qwen3.6-35B-A3B --exp e1 --tag mtp3 --data /workspace/data/reasoning30.jsonl --thinking --max-tokens 12288 --temperature 0.6 --spec '{"method": "qwen3_5_mtp", "num_speculative_tokens": 3}'
E1-q35-dflash7	1	3	docker/run.sh python3 scripts/trace_vllm.py --model Qwen/Qwen3.6-35B-A3B --exp e1 --tag dflash7 --data /workspace/data/reasoning30.jsonl --thinking --max-tokens 12288 --temperature 0.6 --spec '{"method": "dflash", "model": "z-lab/Qwen3.6-35B-A3B-DFlash", "num_speculative_tokens": 7}'
E1-g26-ar	1	3	docker/run.sh python3 scripts/trace_vllm.py --model google/gemma-4-26B-A4B-it --exp e1 --tag ar --data /workspace/data/reasoning30.jsonl --thinking --max-tokens 12288 --temperature 0.6
E1-g26-mtp4	1	3	docker/run.sh python3 scripts/trace_vllm.py --model google/gemma-4-26B-A4B-it --exp e1 --tag mtp4 --data /workspace/data/reasoning30.jsonl --thinking --max-tokens 12288 --temperature 0.6 --spec '{"method": "gemma4_mtp", "model": "google/gemma-4-26B-A4B-it-assistant", "num_speculative_tokens": 4}'
E1-g26-dflash7	1	3	docker/run.sh python3 scripts/trace_vllm.py --model google/gemma-4-26B-A4B-it --exp e1 --tag dflash7 --data /workspace/data/reasoning30.jsonl --thinking --max-tokens 12288 --temperature 0.6 --spec '{"method": "dflash", "model": "z-lab/gemma-4-26B-A4B-it-DFlash", "num_speculative_tokens": 7}'
L-fn-ar	node	3	docker/run.sh python3 scripts/bench_vllm.py --model Qwen/Qwen3.8-Flash-Next --tp 8 --exp l --tag ar --per-cat 10 --max-tokens 512 --gpu-mem 0.93 --max-num-seqs 8 --max-num-batched-tokens 4096 --save-gaps
L-fn-mtp3	node	3	docker/run.sh python3 scripts/bench_vllm.py --model Qwen/Qwen3.8-Flash-Next --tp 8 --exp l --tag mtp3 --per-cat 10 --max-tokens 512 --gpu-mem 0.93 --max-num-seqs 8 --max-num-batched-tokens 4096 --spec '{"method": "qwen4_exp_mtp", "num_speculative_tokens": 3}'
L-fn-arrepeat	node	2	docker/run.sh python3 scripts/bench_vllm.py --model Qwen/Qwen3.8-Flash-Next --tp 8 --exp l --per-cat 10 --max-tokens 512 --gpu-mem 0.93 --max-num-seqs 8 --max-num-batched-tokens 4096 --tag arrepeat --save-gaps
L-fn-mtp1	node	2	docker/run.sh python3 scripts/bench_vllm.py --model Qwen/Qwen3.8-Flash-Next --tp 8 --exp l --per-cat 10 --max-tokens 512 --gpu-mem 0.93 --max-num-seqs 8 --max-num-batched-tokens 4096 --tag mtp1 --spec '{"method": "qwen4_exp_mtp", "num_speculative_tokens": 1}'
L-fn-mtp2	node	2	docker/run.sh python3 scripts/bench_vllm.py --model Qwen/Qwen3.8-Flash-Next --tp 8 --exp l --per-cat 10 --max-tokens 512 --gpu-mem 0.93 --max-num-seqs 8 --max-num-batched-tokens 4096 --tag mtp2 --spec '{"method": "qwen4_exp_mtp", "num_speculative_tokens": 2}'
L-fn-mtp4	node	2	docker/run.sh python3 scripts/bench_vllm.py --model Qwen/Qwen3.8-Flash-Next --tp 8 --exp l --per-cat 10 --max-tokens 512 --gpu-mem 0.93 --max-num-seqs 8 --max-num-batched-tokens 4096 --tag mtp4 --spec '{"method": "qwen4_exp_mtp", "num_speculative_tokens": 4}'
L-fn-mtp6	node	2	docker/run.sh python3 scripts/bench_vllm.py --model Qwen/Qwen3.8-Flash-Next --tp 8 --exp l --per-cat 10 --max-tokens 512 --gpu-mem 0.93 --max-num-seqs 8 --max-num-batched-tokens 4096 --tag mtp6 --spec '{"method": "qwen4_exp_mtp", "num_speculative_tokens": 6}'
D-fn-ar	node	2	docker/run.sh env TP=8 GPU_MEM=0.93 EXTRA='--max-num-seqs 32 --max-num-batched-tokens 4096' bash scripts/concurrency_bench.sh Qwen/Qwen3.8-Flash-Next ar '' 4,16,32
D-fn-mtp3	node	2	docker/run.sh env TP=8 GPU_MEM=0.93 EXTRA='--max-num-seqs 32 --max-num-batched-tokens 4096' bash scripts/concurrency_bench.sh Qwen/Qwen3.8-Flash-Next mtp3 '{"method": "qwen4_exp_mtp", "num_speculative_tokens": 3}' 4,16,32
DK-q27-mtp6	1	3	docker/run.sh bash scripts/concurrency_bench.sh Qwen/Qwen3.8-27B mtp6 '{"method": "qwen3_5_mtp", "num_speculative_tokens": 6}' 4,16,64,128
DK-q27-mtp1	1	3	docker/run.sh bash scripts/concurrency_bench.sh Qwen/Qwen3.8-27B mtp1 '{"method": "qwen3_5_mtp", "num_speculative_tokens": 1}' 4,16,64,128
DK-g26-mtp6	1	3	docker/run.sh bash scripts/concurrency_bench.sh google/gemma-4-26B-A4B-it mtp6 '{"method": "gemma4_mtp", "model": "google/gemma-4-26B-A4B-it-assistant", "num_speculative_tokens": 6}' 4,16,64,128
DK-g26-dflash15	1	3	docker/run.sh bash scripts/concurrency_bench.sh google/gemma-4-26B-A4B-it dflash15 '{"method": "dflash", "model": "z-lab/gemma-4-26B-A4B-it-DFlash", "num_speculative_tokens": 15}' 4,16,64,128
BIon-q8-ar	1	2	IMAGE=lossless-dec:vllm0.30-bi ATTN=TRITON_ATTN docker/run.sh python3 scripts/bench_vllm.py --per-cat 10 --max-tokens 512 --save-gaps --model Qwen/Qwen3-8B --tp 1 --exp bi_on --tag ar
BIon-q8-draft4	1	2	IMAGE=lossless-dec:vllm0.30-bi ATTN=TRITON_ATTN docker/run.sh python3 scripts/bench_vllm.py --per-cat 10 --max-tokens 512 --save-gaps --model Qwen/Qwen3-8B --tp 1 --exp bi_on --tag draft4 --spec '{"method": "draft_model", "model": "Qwen/Qwen3-0.6B", "num_speculative_tokens": 4}'
BIon-g31-ar	1	2	IMAGE=lossless-dec:vllm0.30-bi ATTN=TRITON_ATTN docker/run.sh python3 scripts/bench_vllm.py --per-cat 10 --max-tokens 512 --save-gaps --model google/gemma-4-31B-it --tp 2 --exp bi_on --tag ar
BIon-g31-mtp4	1	2	IMAGE=lossless-dec:vllm0.30-bi ATTN=TRITON_ATTN docker/run.sh python3 scripts/bench_vllm.py --per-cat 10 --max-tokens 512 --save-gaps --model google/gemma-4-31B-it --tp 2 --exp bi_on --tag mtp4 --spec '{"method": "gemma4_mtp", "model": "google/gemma-4-31B-it-assistant", "num_speculative_tokens": 4}'
BIoff-q8-ar	1	2	docker/run.sh python3 scripts/bench_vllm.py --per-cat 10 --max-tokens 512 --save-gaps --model Qwen/Qwen3-8B --tp 1 --exp bi_off --tag ar
BIoff-q8-draft4	1	2	docker/run.sh python3 scripts/bench_vllm.py --per-cat 10 --max-tokens 512 --save-gaps --model Qwen/Qwen3-8B --tp 1 --exp bi_off --tag draft4 --spec '{"method": "draft_model", "model": "Qwen/Qwen3-0.6B", "num_speculative_tokens": 4}'
BIoff-g31-ar	1	2	docker/run.sh python3 scripts/bench_vllm.py --per-cat 10 --max-tokens 512 --save-gaps --model google/gemma-4-31B-it --tp 2 --exp bi_off --tag ar
BIoff-g31-mtp4	1	2	docker/run.sh python3 scripts/bench_vllm.py --per-cat 10 --max-tokens 512 --save-gaps --model google/gemma-4-31B-it --tp 2 --exp bi_off --tag mtp4 --spec '{"method": "gemma4_mtp", "model": "google/gemma-4-31B-it-assistant", "num_speculative_tokens": 4}'
L-ms-ar	node	1.5	docker/run.sh python3 scripts/bench_vllm.py --model mistralai/Mistral-Small-4-119B-2603 --mistral --tp 8 --exp l --per-cat 10 --max-tokens 512 --gpu-mem 0.93 --max-num-seqs 8 --max-num-batched-tokens 4096 --tag ar --save-gaps
L-ms-eagle3	node	1.5	docker/run.sh python3 scripts/bench_vllm.py --model mistralai/Mistral-Small-4-119B-2603 --mistral --tp 8 --exp l --per-cat 10 --max-tokens 512 --gpu-mem 0.93 --max-num-seqs 8 --max-num-batched-tokens 4096 --tag eagle3 --spec '{"method": "eagle", "model": "mistralai/Mistral-Small-4-119B-2603-eagle", "num_speculative_tokens": 3}'
LC-q27-dflash7-rocm	1	2	docker/run.sh python3 scripts/trace_vllm.py --model Qwen/Qwen3.8-27B --exp lc --tag dflash7 --longbench --ctx-len 1024,1792,2304,3072,4096 --n 10 --max-tokens 256 --spec '{"method": "dflash", "model": "z-lab/Qwen3.8-27B-DFlash2", "num_speculative_tokens": 7}'
LC-q27-dflash7-triton	1	2	ATTN=TRITON_ATTN docker/run.sh python3 scripts/trace_vllm.py --model Qwen/Qwen3.8-27B --exp lc --tag dflash7 --longbench --ctx-len 1024,1792,2304,3072,4096 --n 10 --max-tokens 256 --spec '{"method": "dflash", "model": "z-lab/Qwen3.8-27B-DFlash2", "num_speculative_tokens": 7}'
LC-q27-ar-rocm	1	2	docker/run.sh python3 scripts/trace_vllm.py --model Qwen/Qwen3.8-27B --exp lc --tag ar --longbench --ctx-len 8192,32768 --n 5 --max-tokens 256
LC-q27-ar-triton	1	2	ATTN=TRITON_ATTN docker/run.sh python3 scripts/trace_vllm.py --model Qwen/Qwen3.8-27B --exp lc --tag ar --longbench --ctx-len 8192,32768 --n 5 --max-tokens 256
FTF-q8val	1	1	docker/run.sh python3 scripts/sim_draft_tf.py --target Qwen/Qwen3-8B --draft Qwen/Qwen3-0.6B --exp bi_off --per-cat 10
FTF-q27	1	1	docker/run.sh python3 scripts/sim_draft_tf.py --target Qwen/Qwen3.8-27B --draft Qwen/Qwen3.5-0.8B
FTF-q35	1	1	docker/run.sh python3 scripts/sim_draft_tf.py --target Qwen/Qwen3.6-35B-A3B --draft Qwen/Qwen3.5-0.8B
FTF-g31	1	1	docker/run.sh python3 scripts/sim_draft_tf.py --target google/gemma-4-31B-it --draft google/gemma-4-E2B-it
FTF-g26	1	1	docker/run.sh python3 scripts/sim_draft_tf.py --target google/gemma-4-26B-A4B-it --draft google/gemma-4-E2B-it
LC2-q27-dflash-short-bigmml	1	1	ATTN=TRITON_ATTN docker/run.sh python3 scripts/trace_vllm.py --model Qwen/Qwen3.8-27B --exp lc --tag dflash7 --longbench --ctx-len 1024,4096 --n 10 --max-tokens 256 --max-model-len 66816 --spec '{"method": "dflash", "model": "z-lab/Qwen3.8-27B-DFlash2", "num_speculative_tokens": 7}'
LC2-q27-dflash-8k-smallmml	1	1	ATTN=TRITON_ATTN docker/run.sh python3 scripts/trace_vllm.py --model Qwen/Qwen3.8-27B --exp lc --tag dflash7 --longbench --ctx-len 6144,8192 --n 10 --max-tokens 256 --max-model-len 9728 --spec '{"method": "dflash", "model": "z-lab/Qwen3.8-27B-DFlash2", "num_speculative_tokens": 7}'
ACC-q27-ar	1	2	docker/run.sh python3 scripts/accuracy_vllm.py --model Qwen/Qwen3.8-27B --tag ar
ACC-q27-mtp3	1	2	docker/run.sh python3 scripts/accuracy_vllm.py --model Qwen/Qwen3.8-27B --tag mtp3 --spec '{"method": "qwen3_5_mtp", "num_speculative_tokens": 3}'
ACC-q27-dflash7	1	2	docker/run.sh python3 scripts/accuracy_vllm.py --model Qwen/Qwen3.8-27B --tag dflash7 --spec '{"method": "dflash", "model": "z-lab/Qwen3.8-27B-DFlash2", "num_speculative_tokens": 7}'
ACC-g31-ar	1	2	docker/run.sh python3 scripts/accuracy_vllm.py --model google/gemma-4-31B-it --tag ar
ACC-g31-mtp4	1	2	docker/run.sh python3 scripts/accuracy_vllm.py --model google/gemma-4-31B-it --tag mtp4 --spec '{"method": "gemma4_mtp", "model": "google/gemma-4-31B-it-assistant", "num_speculative_tokens": 4}'
ACC-g31-dflash7	1	2	docker/run.sh python3 scripts/accuracy_vllm.py --model google/gemma-4-31B-it --tag dflash7 --spec '{"method": "dflash", "model": "z-lab/gemma-4-31B-it-DFlash", "num_speculative_tokens": 7}'
ACC-q35-ar	1	2	docker/run.sh python3 scripts/accuracy_vllm.py --model Qwen/Qwen3.6-35B-A3B --tag ar
ACC-q35-mtp3	1	2	docker/run.sh python3 scripts/accuracy_vllm.py --model Qwen/Qwen3.6-35B-A3B --tag mtp3 --spec '{"method": "qwen3_5_mtp", "num_speculative_tokens": 3}'
ACC-q35-dflash7	1	2	docker/run.sh python3 scripts/accuracy_vllm.py --model Qwen/Qwen3.6-35B-A3B --tag dflash7 --spec '{"method": "dflash", "model": "z-lab/Qwen3.6-35B-A3B-DFlash", "num_speculative_tokens": 7}'
ACC-g26-ar	1	2	docker/run.sh python3 scripts/accuracy_vllm.py --model google/gemma-4-26B-A4B-it --tag ar
LC3-q27-dflash-nopc	1	1	PREFIX_CACHE=0 ATTN=TRITON_ATTN docker/run.sh python3 scripts/trace_vllm.py --model Qwen/Qwen3.8-27B --exp lc --tag dflash7 --longbench --ctx-len 6144,8192 --n 10 --max-tokens 256 --max-model-len 9728 --spec '{"method": "dflash", "model": "z-lab/Qwen3.8-27B-DFlash2", "num_speculative_tokens": 7}'
LS-test-q8	1	1	docker/run.sh python3 scripts/sim_layerskip.py --model Qwen/Qwen3-8B --exp bi_off --per-cat 10 --calib 12 --trials 3 --max-seqs 60
ACC-g26-mtp4	1	2	docker/run.sh python3 scripts/accuracy_vllm.py --model google/gemma-4-26B-A4B-it --tag mtp4 --spec '{"method": "gemma4_mtp", "model": "google/gemma-4-26B-A4B-it-assistant", "num_speculative_tokens": 4}'
ACC-g26-dflash7	1	2	docker/run.sh python3 scripts/accuracy_vllm.py --model google/gemma-4-26B-A4B-it --tag dflash7 --spec '{"method": "dflash", "model": "z-lab/gemma-4-26B-A4B-it-DFlash", "num_speculative_tokens": 7}'
E2T-q27-ar	1	3	ATTN=TRITON_ATTN docker/run.sh python3 scripts/trace_vllm.py --model Qwen/Qwen3.8-27B --exp e2t --tag ar --longbench --ctx-len 8192,32768,65536 --n 20 --max-tokens 256
E2T-q27-mtp3	1	3	ATTN=TRITON_ATTN docker/run.sh python3 scripts/trace_vllm.py --model Qwen/Qwen3.8-27B --exp e2t --tag mtp3 --longbench --ctx-len 8192,32768,65536 --n 20 --max-tokens 256 --spec '{"method": "qwen3_5_mtp", "num_speculative_tokens": 3}'
E2T-q27-dflash7	1	3	ATTN=TRITON_ATTN docker/run.sh python3 scripts/trace_vllm.py --model Qwen/Qwen3.8-27B --exp e2t --tag dflash7 --longbench --ctx-len 8192,32768,65536 --n 20 --max-tokens 256 --spec '{"method": "dflash", "model": "z-lab/Qwen3.8-27B-DFlash2", "num_speculative_tokens": 7}'
E2T-q27-suffix	1	3	ATTN=TRITON_ATTN docker/run.sh python3 scripts/trace_vllm.py --model Qwen/Qwen3.8-27B --exp e2t --tag suffix --longbench --ctx-len 8192,32768,65536 --n 20 --max-tokens 256 --spec '{"method": "suffix"}'
E2T-g31-ar	1	3	ATTN=TRITON_ATTN docker/run.sh python3 scripts/trace_vllm.py --model google/gemma-4-31B-it --exp e2t --tag ar --longbench --ctx-len 8192,32768,65536 --n 20 --max-tokens 256
E2T-g31-mtp4	1	3	ATTN=TRITON_ATTN docker/run.sh python3 scripts/trace_vllm.py --model google/gemma-4-31B-it --exp e2t --tag mtp4 --longbench --ctx-len 8192,32768,65536 --n 20 --max-tokens 256 --spec '{"method": "gemma4_mtp", "model": "google/gemma-4-31B-it-assistant", "num_speculative_tokens": 4}'
E2T-g31-dflash7	1	3	PREFIX_CACHE=0 ATTN=TRITON_ATTN docker/run.sh python3 scripts/trace_vllm.py --model google/gemma-4-31B-it --exp e2t_nopc --tag dflash7 --longbench --ctx-len 8192,32768,65536 --n 20 --max-tokens 256 --spec '{"method": "dflash", "model": "z-lab/gemma-4-31B-it-DFlash", "num_speculative_tokens": 7}'
E2T-g31-suffix	1	3	ATTN=TRITON_ATTN docker/run.sh python3 scripts/trace_vllm.py --model google/gemma-4-31B-it --exp e2t --tag suffix --longbench --ctx-len 8192,32768,65536 --n 20 --max-tokens 256 --spec '{"method": "suffix"}'
E2Tnopc-q27-dflash7	1	3	PREFIX_CACHE=0 ATTN=TRITON_ATTN docker/run.sh python3 scripts/trace_vllm.py --model Qwen/Qwen3.8-27B --exp e2t_nopc --tag dflash7 --longbench --ctx-len 8192,32768,65536 --n 20 --max-tokens 256 --spec '{"method": "dflash", "model": "z-lab/Qwen3.8-27B-DFlash2", "num_speculative_tokens": 7}'
Anopc-q27-dflash7	1	2	PREFIX_CACHE=0 docker/run.sh python3 scripts/bench_vllm.py --model Qwen/Qwen3.8-27B --tp 2 --exp a_nopc --tag dflash7 --per-cat 20 --max-tokens 1024 --spec '{"method": "dflash", "model": "z-lab/Qwen3.8-27B-DFlash2", "num_speculative_tokens": 7}'
Anopc-q27-dflash7pc	1	2	docker/run.sh python3 scripts/bench_vllm.py --model Qwen/Qwen3.8-27B --tp 2 --exp a_nopc --tag dflash7pc --per-cat 20 --max-tokens 1024 --spec '{"method": "dflash", "model": "z-lab/Qwen3.8-27B-DFlash2", "num_speculative_tokens": 7}'
LS-q27	1	4	docker/run.sh python3 scripts/sim_layerskip.py --model Qwen/Qwen3.8-27B
LS-g31	1	4	docker/run.sh python3 scripts/sim_layerskip.py --model google/gemma-4-31B-it
LS-q35	1	4	docker/run.sh python3 scripts/sim_layerskip.py --model Qwen/Qwen3.6-35B-A3B
LS-g26	1	4	docker/run.sh python3 scripts/sim_layerskip.py --model google/gemma-4-26B-A4B-it
L-msbf-ar	node	1.5	docker/run.sh python3 scripts/bench_vllm.py --model /models/mistral-small-4-bf16 --mistral --tp 8 --exp l --per-cat 10 --max-tokens 512 --gpu-mem 0.93 --max-num-seqs 8 --max-num-batched-tokens 4096 --tag ar --save-gaps
L-msbf-eagle3	node	1.5	docker/run.sh python3 scripts/bench_vllm.py --model /models/mistral-small-4-bf16 --mistral --tp 8 --exp l --per-cat 10 --max-tokens 512 --gpu-mem 0.93 --max-num-seqs 8 --max-num-batched-tokens 4096 --tag eagle3 --spec '{"method": "eagle", "model": "/models/mistral-small-4-eagle-bf16", "num_speculative_tokens": 3}'
MG-q27-gen0	1	3	docker/run.sh python3 scripts/medusa_gen.py --model Qwen/Qwen3.8-27B --shard 0 --num-shards 4
MG-q27-gen1	1	3	docker/run.sh python3 scripts/medusa_gen.py --model Qwen/Qwen3.8-27B --shard 1 --num-shards 4
MG-q27-gen2	1	3	docker/run.sh python3 scripts/medusa_gen.py --model Qwen/Qwen3.8-27B --shard 2 --num-shards 4
MG-q27-gen3	1	3	docker/run.sh python3 scripts/medusa_gen.py --model Qwen/Qwen3.8-27B --shard 3 --num-shards 4
MH-test	1	0.5	docker/run.sh python3 scripts/medusa_hidden.py --model Qwen/Qwen3.8-27B --shard 0 --limit 3
MH-q27-0	1	4	docker/run.sh python3 scripts/medusa_hidden.py --model Qwen/Qwen3.8-27B --shard 0
MH-q27-1	1	4	docker/run.sh python3 scripts/medusa_hidden.py --model Qwen/Qwen3.8-27B --shard 1
MH-q27-2	1	4	docker/run.sh python3 scripts/medusa_hidden.py --model Qwen/Qwen3.8-27B --shard 2
MH-q27-3	1	4	docker/run.sh python3 scripts/medusa_hidden.py --model Qwen/Qwen3.8-27B --shard 3
MH-q27-specbench	1	2	docker/run.sh python3 scripts/medusa_hidden.py --model Qwen/Qwen3.8-27B --spec-bench
MT-q27	1	4	docker/run.sh python3 scripts/medusa_train.py --model Qwen/Qwen3.8-27B
MG-g26-gen0	1	3	docker/run.sh python3 scripts/medusa_gen.py --model google/gemma-4-26B-A4B-it --shard 0 --num-shards 3 --n 6000
MG-g26-gen1	1	3	docker/run.sh python3 scripts/medusa_gen.py --model google/gemma-4-26B-A4B-it --shard 1 --num-shards 3 --n 6000
MG-g26-gen2	1	3	docker/run.sh python3 scripts/medusa_gen.py --model google/gemma-4-26B-A4B-it --shard 2 --num-shards 3 --n 6000
MB-q27-medusa4	1	3	docker/run.sh python3 scripts/bench_vllm.py --model Qwen/Qwen3.8-27B --tp 2 --exp a --tag medusa4 --per-cat 80 --max-tokens 1024 --spec '{"method": "medusa", "model": "/models/medusa/Qwen3.8-27B-medusa4", "num_speculative_tokens": 4}'
MB-q27-medusa4	1	3	docker/run.sh python3 scripts/bench_vllm.py --model Qwen/Qwen3.8-27B --tp 2 --exp a --tag medusa4 --per-cat 80 --max-tokens 1024 --spec '{"method": "medusa", "model": "/models/medusa/Qwen3.8-27B-medusa4", "num_speculative_tokens": 4}'
MH-g26-0	1	4	docker/run.sh python3 scripts/medusa_hidden.py --model google/gemma-4-26B-A4B-it --shard 0
MH-g26-1	1	4	docker/run.sh python3 scripts/medusa_hidden.py --model google/gemma-4-26B-A4B-it --shard 1
MH-g26-2	1	4	docker/run.sh python3 scripts/medusa_hidden.py --model google/gemma-4-26B-A4B-it --shard 2
MH-g26-specbench	1	2	docker/run.sh python3 scripts/medusa_hidden.py --model google/gemma-4-26B-A4B-it --spec-bench
AT-q27-ar	1	4	ATTN=TRITON_ATTN docker/run.sh python3 scripts/bench_vllm.py --model Qwen/Qwen3.8-27B --tp 2 --exp a_triton --tag ar --per-cat 80 --max-tokens 1024 --temperature 0.0 --save-gaps
AT-q27-mtp3	1	4	ATTN=TRITON_ATTN docker/run.sh python3 scripts/bench_vllm.py --model Qwen/Qwen3.8-27B --tp 2 --exp a_triton --tag mtp3 --per-cat 80 --max-tokens 1024 --temperature 0.0 --spec '{"method": "qwen3_5_mtp", "num_speculative_tokens": 3}'
AT-q27-dflash7	1	4	ATTN=TRITON_ATTN docker/run.sh python3 scripts/bench_vllm.py --model Qwen/Qwen3.8-27B --tp 2 --exp a_triton --tag dflash7 --per-cat 80 --max-tokens 1024 --temperature 0.0 --spec '{"method": "dflash", "model": "z-lab/Qwen3.8-27B-DFlash2", "num_speculative_tokens": 7}'
MT-g26	1	4	docker/run.sh python3 scripts/medusa_train.py --model google/gemma-4-26B-A4B-it
AT-q27-suffix	1	4	ATTN=TRITON_ATTN docker/run.sh python3 scripts/bench_vllm.py --model Qwen/Qwen3.8-27B --tp 2 --exp a_triton --tag suffix --per-cat 80 --max-tokens 1024 --temperature 0.0 --spec '{"method": "suffix"}'
AT-g31-ar	1	4	ATTN=TRITON_ATTN docker/run.sh python3 scripts/bench_vllm.py --model google/gemma-4-31B-it --tp 2 --exp a_triton --tag ar --per-cat 80 --max-tokens 1024 --temperature 0.0 --save-gaps
AT-g31-mtp4	1	4	ATTN=TRITON_ATTN docker/run.sh python3 scripts/bench_vllm.py --model google/gemma-4-31B-it --tp 2 --exp a_triton --tag mtp4 --per-cat 80 --max-tokens 1024 --temperature 0.0 --spec '{"method": "gemma4_mtp", "model": "google/gemma-4-31B-it-assistant", "num_speculative_tokens": 4}'
MB-g26-medusa4	1	2	docker/run.sh python3 scripts/bench_vllm.py --model google/gemma-4-26B-A4B-it --tp 2 --exp a --tag medusa4 --per-cat 80 --max-tokens 1024 --spec '{"method": "medusa", "model": "/models/medusa/gemma-4-26B-A4B-it-medusa4", "num_speculative_tokens": 4}'
AT-g31-dflash7	1	4	ATTN=TRITON_ATTN docker/run.sh python3 scripts/bench_vllm.py --model google/gemma-4-31B-it --tp 2 --exp a_triton --tag dflash7 --per-cat 80 --max-tokens 1024 --temperature 0.0 --spec '{"method": "dflash", "model": "z-lab/gemma-4-31B-it-DFlash", "num_speculative_tokens": 7}'
AT-g31-suffix	1	4	ATTN=TRITON_ATTN docker/run.sh python3 scripts/bench_vllm.py --model google/gemma-4-31B-it --tp 2 --exp a_triton --tag suffix --per-cat 80 --max-tokens 1024 --temperature 0.0 --spec '{"method": "suffix"}'
AT-q35-ar	1	2	ATTN=TRITON_ATTN docker/run.sh python3 scripts/bench_vllm.py --model Qwen/Qwen3.6-35B-A3B --tp 2 --exp a_triton --tag ar --per-cat 80 --max-tokens 1024 --temperature 0.0 --save-gaps
AT-q35-mtp3	1	2	ATTN=TRITON_ATTN docker/run.sh python3 scripts/bench_vllm.py --model Qwen/Qwen3.6-35B-A3B --tp 2 --exp a_triton --tag mtp3 --per-cat 80 --max-tokens 1024 --temperature 0.0 --spec '{"method": "qwen3_5_mtp", "num_speculative_tokens": 3}'
AT-q35-dflash7	1	2	ATTN=TRITON_ATTN docker/run.sh python3 scripts/bench_vllm.py --model Qwen/Qwen3.6-35B-A3B --tp 2 --exp a_triton --tag dflash7 --per-cat 80 --max-tokens 1024 --temperature 0.0 --spec '{"method": "dflash", "model": "z-lab/Qwen3.6-35B-A3B-DFlash", "num_speculative_tokens": 7}'
AT-q35-suffix	1	2	ATTN=TRITON_ATTN docker/run.sh python3 scripts/bench_vllm.py --model Qwen/Qwen3.6-35B-A3B --tp 2 --exp a_triton --tag suffix --per-cat 80 --max-tokens 1024 --temperature 0.0 --spec '{"method": "suffix"}'
AT-g26-ar	1	2	ATTN=TRITON_ATTN docker/run.sh python3 scripts/bench_vllm.py --model google/gemma-4-26B-A4B-it --tp 2 --exp a_triton --tag ar --per-cat 80 --max-tokens 1024 --temperature 0.0 --save-gaps
AT-g26-mtp4	1	2	ATTN=TRITON_ATTN docker/run.sh python3 scripts/bench_vllm.py --model google/gemma-4-26B-A4B-it --tp 2 --exp a_triton --tag mtp4 --per-cat 80 --max-tokens 1024 --temperature 0.0 --spec '{"method": "gemma4_mtp", "model": "google/gemma-4-26B-A4B-it-assistant", "num_speculative_tokens": 4}'
AT-g26-dflash7	1	2	ATTN=TRITON_ATTN docker/run.sh python3 scripts/bench_vllm.py --model google/gemma-4-26B-A4B-it --tp 2 --exp a_triton --tag dflash7 --per-cat 80 --max-tokens 1024 --temperature 0.0 --spec '{"method": "dflash", "model": "z-lab/gemma-4-26B-A4B-it-DFlash", "num_speculative_tokens": 7}'
AT-g26-suffix	1	2	ATTN=TRITON_ATTN docker/run.sh python3 scripts/bench_vllm.py --model google/gemma-4-26B-A4B-it --tp 2 --exp a_triton --tag suffix --per-cat 80 --max-tokens 1024 --temperature 0.0 --spec '{"method": "suffix"}'
B-q27-ar-s1	1	3	docker/run.sh python3 scripts/bench_vllm.py --model Qwen/Qwen3.8-27B --tp 2 --exp b --tag ar --per-cat 40 --max-tokens 1024 --temperature 1.0 --seed 1
B-q27-mtp3-s1	1	3	docker/run.sh python3 scripts/bench_vllm.py --model Qwen/Qwen3.8-27B --tp 2 --exp b --tag mtp3 --per-cat 40 --max-tokens 1024 --temperature 1.0 --spec '{"method": "qwen3_5_mtp", "num_speculative_tokens": 3}' --seed 1
B-q27-dflash7-s1	1	3	docker/run.sh python3 scripts/bench_vllm.py --model Qwen/Qwen3.8-27B --tp 2 --exp b --tag dflash7 --per-cat 40 --max-tokens 1024 --temperature 1.0 --spec '{"method": "dflash", "model": "z-lab/Qwen3.8-27B-DFlash2", "num_speculative_tokens": 7}' --seed 1
B-g31-ar-s1	1	3	docker/run.sh python3 scripts/bench_vllm.py --model google/gemma-4-31B-it --tp 2 --exp b --tag ar --per-cat 40 --max-tokens 1024 --temperature 1.0 --seed 1
B-g31-mtp4-s1	1	3	docker/run.sh python3 scripts/bench_vllm.py --model google/gemma-4-31B-it --tp 2 --exp b --tag mtp4 --per-cat 40 --max-tokens 1024 --temperature 1.0 --spec '{"method": "gemma4_mtp", "model": "google/gemma-4-31B-it-assistant", "num_speculative_tokens": 4}' --seed 1
B-g31-dflash7-s1	1	3	docker/run.sh python3 scripts/bench_vllm.py --model google/gemma-4-31B-it --tp 2 --exp b --tag dflash7 --per-cat 40 --max-tokens 1024 --temperature 1.0 --spec '{"method": "dflash", "model": "z-lab/gemma-4-31B-it-DFlash", "num_speculative_tokens": 7}' --seed 1
B-q35-ar-s1	1	3	docker/run.sh python3 scripts/bench_vllm.py --model Qwen/Qwen3.6-35B-A3B --tp 2 --exp b --tag ar --per-cat 40 --max-tokens 1024 --temperature 1.0 --seed 1
B-q35-mtp3-s1	1	3	docker/run.sh python3 scripts/bench_vllm.py --model Qwen/Qwen3.6-35B-A3B --tp 2 --exp b --tag mtp3 --per-cat 40 --max-tokens 1024 --temperature 1.0 --spec '{"method": "qwen3_5_mtp", "num_speculative_tokens": 3}' --seed 1
B-q35-dflash7-s1	1	3	docker/run.sh python3 scripts/bench_vllm.py --model Qwen/Qwen3.6-35B-A3B --tp 2 --exp b --tag dflash7 --per-cat 40 --max-tokens 1024 --temperature 1.0 --spec '{"method": "dflash", "model": "z-lab/Qwen3.6-35B-A3B-DFlash", "num_speculative_tokens": 7}' --seed 1
B-g26-ar-s1	1	3	docker/run.sh python3 scripts/bench_vllm.py --model google/gemma-4-26B-A4B-it --tp 2 --exp b --tag ar --per-cat 40 --max-tokens 1024 --temperature 1.0 --seed 1
B-g26-mtp4-s1	1	3	docker/run.sh python3 scripts/bench_vllm.py --model google/gemma-4-26B-A4B-it --tp 2 --exp b --tag mtp4 --per-cat 40 --max-tokens 1024 --temperature 1.0 --spec '{"method": "gemma4_mtp", "model": "google/gemma-4-26B-A4B-it-assistant", "num_speculative_tokens": 4}' --seed 1
B-g26-dflash7-s1	1	3	docker/run.sh python3 scripts/bench_vllm.py --model google/gemma-4-26B-A4B-it --tp 2 --exp b --tag dflash7 --per-cat 40 --max-tokens 1024 --temperature 1.0 --spec '{"method": "dflash", "model": "z-lab/gemma-4-26B-A4B-it-DFlash", "num_speculative_tokens": 7}' --seed 1
B-q27-ar-s2	1	3	docker/run.sh python3 scripts/bench_vllm.py --model Qwen/Qwen3.8-27B --tp 2 --exp b --tag ar --per-cat 40 --max-tokens 1024 --temperature 1.0 --seed 2
B-q27-mtp3-s2	1	3	docker/run.sh python3 scripts/bench_vllm.py --model Qwen/Qwen3.8-27B --tp 2 --exp b --tag mtp3 --per-cat 40 --max-tokens 1024 --temperature 1.0 --spec '{"method": "qwen3_5_mtp", "num_speculative_tokens": 3}' --seed 2
B-q27-dflash7-s2	1	3	docker/run.sh python3 scripts/bench_vllm.py --model Qwen/Qwen3.8-27B --tp 2 --exp b --tag dflash7 --per-cat 40 --max-tokens 1024 --temperature 1.0 --spec '{"method": "dflash", "model": "z-lab/Qwen3.8-27B-DFlash2", "num_speculative_tokens": 7}' --seed 2
B-g31-ar-s2	1	3	docker/run.sh python3 scripts/bench_vllm.py --model google/gemma-4-31B-it --tp 2 --exp b --tag ar --per-cat 40 --max-tokens 1024 --temperature 1.0 --seed 2
B-g31-mtp4-s2	1	3	docker/run.sh python3 scripts/bench_vllm.py --model google/gemma-4-31B-it --tp 2 --exp b --tag mtp4 --per-cat 40 --max-tokens 1024 --temperature 1.0 --spec '{"method": "gemma4_mtp", "model": "google/gemma-4-31B-it-assistant", "num_speculative_tokens": 4}' --seed 2
B-g31-dflash7-s2	1	3	docker/run.sh python3 scripts/bench_vllm.py --model google/gemma-4-31B-it --tp 2 --exp b --tag dflash7 --per-cat 40 --max-tokens 1024 --temperature 1.0 --spec '{"method": "dflash", "model": "z-lab/gemma-4-31B-it-DFlash", "num_speculative_tokens": 7}' --seed 2
B-q35-ar-s2	1	3	docker/run.sh python3 scripts/bench_vllm.py --model Qwen/Qwen3.6-35B-A3B --tp 2 --exp b --tag ar --per-cat 40 --max-tokens 1024 --temperature 1.0 --seed 2
B-q35-mtp3-s2	1	3	docker/run.sh python3 scripts/bench_vllm.py --model Qwen/Qwen3.6-35B-A3B --tp 2 --exp b --tag mtp3 --per-cat 40 --max-tokens 1024 --temperature 1.0 --spec '{"method": "qwen3_5_mtp", "num_speculative_tokens": 3}' --seed 2
B-q35-dflash7-s2	1	3	docker/run.sh python3 scripts/bench_vllm.py --model Qwen/Qwen3.6-35B-A3B --tp 2 --exp b --tag dflash7 --per-cat 40 --max-tokens 1024 --temperature 1.0 --spec '{"method": "dflash", "model": "z-lab/Qwen3.6-35B-A3B-DFlash", "num_speculative_tokens": 7}' --seed 2
B-g26-ar-s2	1	3	docker/run.sh python3 scripts/bench_vllm.py --model google/gemma-4-26B-A4B-it --tp 2 --exp b --tag ar --per-cat 40 --max-tokens 1024 --temperature 1.0 --seed 2
B-g26-mtp4-s2	1	3	docker/run.sh python3 scripts/bench_vllm.py --model google/gemma-4-26B-A4B-it --tp 2 --exp b --tag mtp4 --per-cat 40 --max-tokens 1024 --temperature 1.0 --spec '{"method": "gemma4_mtp", "model": "google/gemma-4-26B-A4B-it-assistant", "num_speculative_tokens": 4}' --seed 2
B-g26-dflash7-s2	1	3	docker/run.sh python3 scripts/bench_vllm.py --model google/gemma-4-26B-A4B-it --tp 2 --exp b --tag dflash7 --per-cat 40 --max-tokens 1024 --temperature 1.0 --spec '{"method": "dflash", "model": "z-lab/gemma-4-26B-A4B-it-DFlash", "num_speculative_tokens": 7}' --seed 2
